{
  "BEST": [
    {
      "id": 1,
      "title": "코베아 미니 테이블",
      "img": "https://shop-phinf.pstatic.net/20220914_113/16631399386935UUB7_JPEG/64275827400480854_397641437.jpg?type=f296_296"
    },
    {
      "id": 2,
      "title": "엔제리너스 렌탈원두 1KG",
      "img": "https://shop-phinf.pstatic.net/20220914_38/1663142279933lUE5K_JPEG/64278178615237797_1231900223.jpg?type=f296_296"
    },
    {
      "id": 3,
      "title": "로스팅 원두 REED 1KG",
      "img": "https://shop-phinf.pstatic.net/20220421_167/1650514772610hDxKo_JPEG/51650552313457599_417236537.jpg?type=f296_296",
      "theme": "onesun"
    },
    {
      "id": 4,
      "title": "HONEY NAP 에티오피아 200g",
      "img": "https://shop-phinf.pstatic.net/20220421_123/1650515355375axM4n_JPEG/51651189086334927_584887903.jpg?type=f296_296"
    },
    {
      "id": 5,
      "title": "코베아 하드캐리백",
      "img": "https://shop-phinf.pstatic.net/20220816_199/1660641128957BMvfd_JPEG/61776974678610043_1397208666.jpg?type=f296_296"
    },
    {
      "id": 6,
      "title": "SUNSHINE 콜롬비아200g",
      "img": "https://shop-phinf.pstatic.net/20220427_182/1651029410282Onze7_PNG/52165193983193248_2055362375.png?type=f296_296"
    },
    {
      "id": 7,
      "title": "BREEZE 르완다 쿠카무 200g",
      "img": "https://shop-phinf.pstatic.net/20220421_190/1650515337483SIuHt_JPEG/51651179887144008_23525528.jpg?type=f296_296"
    },
    {
      "id": 8,
      "title": "코베아 쿠션(침낭)",
      "img": "https://shop-phinf.pstatic.net/20220919_47/1663545532227LeFoU_JPEG/64681315935242981_1790661838.jpg?type=f296_296"
    },
    {
      "id": 9,
      "title": "MOONLIGHT인도네시아산10gX10개",
      "img": "https://shop-phinf.pstatic.net/20220421_264/1650517860663qLqLB_JPEG/51653703329247229_1939305760.jpg?type=f296_296"
    },
    {
      "id": 10,
      "title": "BREEZE 르완다 쿠카무 10g x 10개",
      "img": "https://shop-phinf.pstatic.net/20220421_223/1650517876180KDvPs_JPEG/51653718845681151_216395635.jpg?type=f296_296"
    },
    {
      "id": 11,
      "title": "코베아 포터블체어",
      "img": "https://shop-phinf.pstatic.net/20220816_127/1660640599142DnlNV_JPEG/61776426967893372_1196020451.jpg?type=f296_296",
      "theme": "jeju"
    },
    {
      "id": 12,
      "title": "엔제리너스 크리스마스 사슴뿔 머그",
      "img": "https://shop-phinf.pstatic.net/20211215_291/1639539890206wNfmU_JPEG/40675788916789268_900055180.jpg?type=f296_296",
      "theme": "jeju"
    },
    {
      "id": 13,
      "title": "(선물세트)드립백 세트",
      "img": "https://shop-phinf.pstatic.net/20220916_141/1663291452976Lwnlr_PNG/64427286776055178_1293367093.png?type=f296_296"
    },
    {
      "id": 14,
      "title": "엔제리너스 크리스마스 사슴머그",
      "img": "https://shop-phinf.pstatic.net/20211130_167/163824958379969EKY_JPEG/39385363189709693_1285960579.jpg?type=f296_296"
    },
    {
      "id": 15,
      "title": "드립백 10입 X 2세트",
      "img": "https://shop-phinf.pstatic.net/20220916_226/1663291504521MuCLy_PNG/64427338254914703_758428466.png?type=f296_296"
    },
    {
      "id": 16,
      "title": "엔제리너스 제품교환권 카페라떼류 10매",
      "img": "https://shop-phinf.pstatic.net/20220525_53/1653450703596Rj7Ec_PNG/54586487309692436_127851661.png?type=f296_296"
    },
    {
      "id": 17,
      "title": "엔제리너스 제품교환권 아메리카노 10매",
      "img": "https://shop-phinf.pstatic.net/20220525_131/1653450726013IlMBc_PNG/54586614706822383_284593947.png?type=f296_296"
    },
    {
      "id": 18,
      "title": "아소부 르바통 텀블러 500ml",
      "img": "https://shop-phinf.pstatic.net/20220421_32/1650510287011kUGGr_JPEG/51646129660566128_436860409.jpg?type=f296_296"
    },
    {
      "id": 19,
      "title": "HONEY NAP 에티오피아10g x 10개",
      "img": "https://shop-phinf.pstatic.net/20220421_199/1650517892531sefhR_JPEG/51653726307085903_1838617929.jpg?type=f296_296",
      "theme": "jeju"
    },
    {
      "id": 20,
      "title": "엔제리너스 캠핑머그 브라운",
      "img": "https://shop-phinf.pstatic.net/20211215_294/163953919375787VOJ_PNG/40675092447598782_1841853820.png?type=f296_296",
      "theme": "jeju"
    },
    {
      "id": 21,
      "title": "12GRABS VEGAN LIP BALM 트웰브그랩스 비건립밤",
      "img": "https://shop-phinf.pstatic.net/20221102_105/16673535560656oDpj_JPEG/68489398765216247_369732239.jpg?type=f296_296"
    },
    {
      "id": 22,
      "title": "(선물세트)드립백,리유저블컵",
      "img": "https://shop-phinf.pstatic.net/20220916_53/1663291047241bf3Gh_PNG/64426881031161619_157209256.png?type=f296_296",
      "theme": "jeju"
    },
    {
      "id": 23,
      "title": "엔제리너스 글라스 파인 드립세트",
      "img": "https://shop-phinf.pstatic.net/20220830_46/16618502576569vw2B_PNG/62986146230087416_816984584.png?type=f296_296",
      "theme": "jeju"
    },
    {
      "id": 24,
      "title": "엔제리너스 제품교환권 반미샌드위치(3종)10매",
      "img": "https://shop-phinf.pstatic.net/20220525_132/1653450641723offcd_PNG/54586540414615555_89740967.png?type=f296_296"
    },
    {
      "id": 25,
      "title": "엔제리너스 제품교환권 아메리치노 10매",
      "img": "https://shop-phinf.pstatic.net/20220525_78/1653451161600rMeLW_PNG/54586941321623896_871545825.png?type=f296_296"
    },
    {
      "id": 26,
      "title": "엔제리너스 제품교환권 엔제린스노우류 10매",
      "img": "https://shop-phinf.pstatic.net/20220525_240/1653451176790Q7WAA_PNG/54587019480853342_372792874.png?type=f296_296"
    },
    {
      "id": 27,
      "title": "[구독] 로스팅 원두 200g / 4종 중 선택",
      "img": "https://shop-phinf.pstatic.net/20220426_177/1650928890949fOSvq_JPEG/52064789623108188_1472342431.jpg?type=f296_296"
    }
   
  ],
  "COFFEE": [
    {
      "id": 1,
      "title": "SUNSHINE 콜롬비아200g",
      "img": "https://shop-phinf.pstatic.net/20220427_182/1651029410282Onze7_PNG/52165193983193248_2055362375.png?type=f296_296",
      "theme": "brunch"
    },
    {
      "id": 2,
      "title": "BREEZE 르완다 쿠카무 200g",
      "img": "https://shop-phinf.pstatic.net/20220421_190/1650515337483SIuHt_JPEG/51651179887144008_23525528.jpg?type=f296_296",
      "theme": "brunch"
    },
    {
      "id": 3,
      "title": "HONEY NAP 에티오피아 스페셜허니 200g",
      "img": "https://shop-phinf.pstatic.net/20220421_123/1650515355375axM4n_JPEG/51651189086334927_584887903.jpg?type=f296_296",
      "theme": "brunch"
    },
    {
      "id": 4,
      "title": "로스팅 원두 REED 1KG",
      "img": "https://shop-phinf.pstatic.net/20220421_167/1650514772610hDxKo_JPEG/51650552313457599_417236537.jpg?type=f296_296",
      "theme": "brunch"
    },
    {
      "id": 5,
      "title": "MOONLIGHT인도네시아 가요 네츄럴200g",
      "img": "https://shop-phinf.pstatic.net/20220421_10/1650515321848z7ftp_JPEG/51651156674008392_1517869312.jpg?type=f296_296",
      "theme": "brunch"
    },
    {
      "id": 6,
      "title": "MOONLIGHT 인도네시아 가요 G1 TP 네츄럴 10g x 30개",
      "img": "https://shop-phinf.pstatic.net/20220413_111/1649836896886BAKtx_PNG/50972742592481250_750688758.png?type=f296_296",
      "theme": "brunch"
    },
    {
      "id": 7,
      "title": "BREEZE 르완다 쿠카무 10g x 30개",
      "img": "https://shop-phinf.pstatic.net/20220413_15/1649836910074bOkPi_PNG/50972755781051401_1710345472.png?type=f296_296",
      "theme": "brunch"
    },
    {
      "id": 8,
      "title": "HONEY NAP 에티오피아 샤키소 G1 스페셜 허니 10g x 30개",
      "img": "https://shop-phinf.pstatic.net/20220413_176/1649836933043uVChk_PNG/50972778624091980_1611929209.png?type=f296_296",
      "theme": "brunch"
    },
    {
      "id": 9,
      "title": "SUNSHINE 콜롬비아 마운틴 워터 산 아구스틴 10g x 30개",
      "img": "https://shop-phinf.pstatic.net/20220427_124/1651029394140tu1kE_PNG/52165177764341482_706730756.png?type=f296_296",
      "theme": "brunch"
    },
    {
      "id": 10,
      "title": "MOONLIGHT 인도네시아 가요 G1 TP 네츄럴 10g x 10개",
      "img": "https://shop-phinf.pstatic.net/20220421_264/1650517860663qLqLB_JPEG/51653703329247229_1939305760.jpg?type=f296_296",
      "theme": "brunch"
    },
    {
      "id": 11,
      "title": "BREEZE 르완다 쿠카무 10g x 10개",
      "img": "https://shop-phinf.pstatic.net/20220421_223/1650517876180KDvPs_JPEG/51653718845681151_216395635.jpg?type=f296_296",
      "theme": "brunch"
    },
    {
      "id": 12,
      "title": "HONEY NAP 에티오피아 샤키소 G1 스페셜 허니 10g x 10개",
      "img": "https://shop-phinf.pstatic.net/20220421_199/1650517892531sefhR_JPEG/51653726307085903_1838617929.jpg?type=f296_296",
      "theme": "brunch"
    },
    {
      "id": 13,
      "title": " SUNSHINE 콜롬비아 마운틴 워터 산 아구스틴 10g x 10개",
      "img": "https://shop-phinf.pstatic.net/20220427_278/1651029377317DbvrU_PNG/52165160964476466_309504129.png?type=f296_296",
      "theme": "brunch"
    }
    
  ],
   
  "CAMPING": [
    {
      "id": 1,
      "title": "코베아 미니 테이블",
      "img": "https://shop-phinf.pstatic.net/20220914_113/16631399386935UUB7_JPEG/64275827400480854_397641437.jpg?type=f296_296"
    },
    {
      "id": 2,
      "title": "코베아 하드캐리백",
      "img": "https://shop-phinf.pstatic.net/20220816_199/1660641128957BMvfd_JPEG/61776974678610043_1397208666.jpg?type=f296_296",
      "theme": "onesun"
    },
    {
      "id": 3,
      "title": "코베아 포터블체어",
      "img": "https://shop-phinf.pstatic.net/20220816_127/1660640599142DnlNV_JPEG/61776426967893372_1196020451.jpg?type=f296_296",
      "theme": "onesun"
    },
    {
      "id": 4,
      "title": "코베아 쿠션(침낭)",
      "img": "https://shop-phinf.pstatic.net/20220919_47/1663545532227LeFoU_JPEG/64681315935242981_1790661838.jpg?type=f296_296"
    },
    {
      "id": 5,
      "title": "엔제리너스 캠핑머그 브라운",
      "img": "https://shop-phinf.pstatic.net/20211215_294/163953919375787VOJ_PNG/40675092447598782_1841853820.png?type=f296_296"
    },
    {
      "id": 6,
      "title": "엔제리너스 캠핑머그 화이트",
      "img": "https://shop-phinf.pstatic.net/20211215_235/16395394578786c0I9_PNG/40675356586792349_1277154117.png?type=f295_381"
    }
  ],
  
  
  "GIFT": [
    {
      "id": 1,
      "title": "(선물세트)드립백,리유저블컵",
      "img": "https://shop-phinf.pstatic.net/20220916_53/1663291047241bf3Gh_PNG/64426881031161619_157209256.png?type=f296_296",
      "theme": "brunch"
    },
    {
      "id": 2,
      "title": "(선물세트)드립백 세트",
      "img": "https://shop-phinf.pstatic.net/20220916_141/1663291452976Lwnlr_PNG/64427286776055178_1293367093.png?type=f296_296",
      "theme": "brunch"
    },
    {
      "id": 3,
      "title": "(선물세트)드립백 10입 X 2세트(2개선택)",
      "img": "https://shop-phinf.pstatic.net/20220916_226/1663291504521MuCLy_PNG/64427338254914703_758428466.png?type=f295_381",
      "theme": "brunch"
    },
    {
      "id": 4,
      "title": "데미머그세트3P",
      "img": "https://shop-phinf.pstatic.net/20211215_7/1639540168863orpAo_JPEG/40676067558682876_560326940.jpg?type=f296_296",
      "theme": "brunch"
    },
    {
      "id": 5,
      "title": "버티컬 머그 360ml",
      "img": "https://shop-phinf.pstatic.net/20220421_249/1650509898585ixYz0_JPEG/51645744289254114_315571545.jpg?type=f296_296",
      "theme": "brunch"
    },
    {
      "id": 6,
      "title": "아소부 얼티밋 머그 360ml",
      "img": "https://shop-phinf.pstatic.net/20220421_212/1650510103127caJYY_JPEG/51645948796313904_9769054.jpg?type=f296_296",
      "theme": "brunch"
    },
    {
      "id": 7,
      "title": "아소부 르바통 텀블러 500ml",
      "img": "https://shop-phinf.pstatic.net/20220421_32/1650510287011kUGGr_JPEG/51646129660566128_436860409.jpg?type=f296_296",
      "theme": "brunch"
    },
    {
      "id": 8,
      "title": "엔제리너스 크리스마스 사슴뿔 텀블러R",
      "img": "https://shop-phinf.pstatic.net/20211215_248/1639539643918hIMLx_JPEG/40675542416569525_1437692320.jpg?type=f296_296"
    },
    {
      "id": 9,
      "title": "엔제리너스 크리스마스 사슴머그",
      "img": "https://shop-phinf.pstatic.net/20211130_167/163824958379969EKY_JPEG/39385363189709693_1285960579.jpg?type=f296_296",
      "theme": "brunch"
    },
    {
      "id": 10,
      "title": "엔제리너스 크리스마스 사슴뿔 머그",
      "img": "https://shop-phinf.pstatic.net/20211215_291/1639539890206wNfmU_JPEG/40675788916789268_900055180.jpg?type=f296_296",
      "theme": "brunch"
    },
    {
      "id": 11,
      "title": "엔제리너스 스와로브스키 아이스 텀블러 (오렌지)",
      "img": "https://shop-phinf.pstatic.net/20211214_43/1639449502423PMuNA_JPEG/40585344020721883_1818684930.jpg?type=f296_296"
    },
    {
      "id": 12,
      "title": "바스키아 텀블러",
      "img": "https://shop-phinf.pstatic.net/20211130_141/1638240263136vPixD_PNG/39376161836202262_751446654.png?type=f296_296",
      "theme": "brunch"
    },
    {
      "id": 13,
      "title": "베이직 티 텀블러 16온즈(그레이)",
      "img": "https://shop-phinf.pstatic.net/20211208_282/1638927167603XpkRC_JPEG/40063002209226049_977004372.jpg?type=f296_296",
      "theme": "brunch"
    },
    {
      "id": 14,
      "title": "엔제리너스 제품교환권 카페라떼류 10매",
      "img": "https://shop-phinf.pstatic.net/20220525_53/1653450703596Rj7Ec_PNG/54586487309692436_127851661.png?type=f295_381",
      "theme": "brunch"
    },
    {
      "id": 15,
      "title": "엔제리너스 제품교환권 반미샌드위치(3종) 10매",
      "img": "https://shop-phinf.pstatic.net/20220525_132/1653450641723offcd_PNG/54586540414615555_89740967.png?type=f295_381"
    },
    {
      "id": 16,
      "title": "엔제리너스 제품교환권 아메리카노 10매",
      "img": "https://shop-phinf.pstatic.net/20220525_131/1653450726013IlMBc_PNG/54586614706822383_284593947.png?type=f295_381",
      "theme": "brunch"
    },
    {
      "id": 17,
      "title": "엔제리너스 제품교환권 아메리치노 10매",
      "img": "https://shop-phinf.pstatic.net/20220525_78/1653451161600rMeLW_PNG/54586941321623896_871545825.png?type=f295_381",
      "theme": "brunch"
    },
    {
      "id": 18,
      "title": "엔제리너스 제품교환권 엔제린스노우류 10매",
      "img": "https://shop-phinf.pstatic.net/20220525_240/1653451176790Q7WAA_PNG/54587019480853342_372792874.png?type=f295_381",
      "theme": "jeju"
    }    
  ]
} 