{
  "COFFEE": [
    {
      "id": 1,
      "title": "SUNSHINE 콜롬비아200g",
      "img": "https://shop-phinf.pstatic.net/20220427_182/1651029410282Onze7_PNG/52165193983193248_2055362375.png?type=f296_296",
      "theme": "brunch"
    },
    {
      "id": 2,
      "title": "BREEZE 르완다 쿠카무 200g",
      "img": "https://shop-phinf.pstatic.net/20220421_190/1650515337483SIuHt_JPEG/51651179887144008_23525528.jpg?type=f296_296",
      "theme": "brunch"
    },
    {
      "id": 3,
      "title": "HONEY NAP 에티오피아 스페셜허니 200g",
      "img": "https://shop-phinf.pstatic.net/20220421_123/1650515355375axM4n_JPEG/51651189086334927_584887903.jpg?type=f296_296",
      "theme": "brunch"
    },
    {
      "id": 4,
      "title": "로스팅 원두 REED 1KG",
      "img": "https://shop-phinf.pstatic.net/20220421_167/1650514772610hDxKo_JPEG/51650552313457599_417236537.jpg?type=f296_296",
      "theme": "brunch"
    },
    {
      "id": 5,
      "title": "MOONLIGHT인도네시아 가요 네츄럴200g",
      "img": "https://shop-phinf.pstatic.net/20220421_10/1650515321848z7ftp_JPEG/51651156674008392_1517869312.jpg?type=f296_296",
      "theme": "brunch"
    },
    {
      "id": 6,
      "title": "MOONLIGHT 인도네시아 가요 G1 TP 네츄럴 10g x 30개",
      "img": "https://shop-phinf.pstatic.net/20220413_111/1649836896886BAKtx_PNG/50972742592481250_750688758.png?type=f296_296",
      "theme": "brunch"
    },
    {
      "id": 7,
      "title": "BREEZE 르완다 쿠카무 10g x 30개",
      "img": "https://shop-phinf.pstatic.net/20220413_15/1649836910074bOkPi_PNG/50972755781051401_1710345472.png?type=f296_296",
      "theme": "brunch"
    },
    {
      "id": 8,
      "title": "HONEY NAP 에티오피아 샤키소 G1 스페셜 허니 10g x 30개",
      "img": "https://shop-phinf.pstatic.net/20220413_176/1649836933043uVChk_PNG/50972778624091980_1611929209.png?type=f296_296",
      "theme": "brunch"
    },
    {
      "id": 9,
      "title": "SUNSHINE 콜롬비아 마운틴 워터 산 아구스틴 10g x 30개",
      "img": "https://shop-phinf.pstatic.net/20220427_124/1651029394140tu1kE_PNG/52165177764341482_706730756.png?type=f296_296",
      "theme": "brunch"
    },
    {
      "id": 10,
      "title": "MOONLIGHT 인도네시아 가요 G1 TP 네츄럴 10g x 10개",
      "img": "https://shop-phinf.pstatic.net/20220421_264/1650517860663qLqLB_JPEG/51653703329247229_1939305760.jpg?type=f296_296",
      "theme": "brunch"
    },
    {
      "id": 11,
      "title": "BREEZE 르완다 쿠카무 10g x 10개",
      "img": "https://shop-phinf.pstatic.net/20220421_223/1650517876180KDvPs_JPEG/51653718845681151_216395635.jpg?type=f296_296",
      "theme": "brunch"
    },
    {
      "id": 12,
      "title": "HONEY NAP 에티오피아 샤키소 G1 스페셜 허니 10g x 10개",
      "img": "https://shop-phinf.pstatic.net/20220421_199/1650517892531sefhR_JPEG/51653726307085903_1838617929.jpg?type=f296_296",
      "theme": "brunch"
    },
    {
      "id": 13,
      "title": " SUNSHINE 콜롬비아 마운틴 워터 산 아구스틴 10g x 10개",
      "img": "https://shop-phinf.pstatic.net/20220427_278/1651029377317DbvrU_PNG/52165160964476466_309504129.png?type=f296_296",
      "theme": "brunch"
    }
  ]  
}