{
    "GIFT": [
    {
      "id": 1,
      "title": "(선물세트)드립백,리유저블컵",
      "img": "https://shop-phinf.pstatic.net/20220916_53/1663291047241bf3Gh_PNG/64426881031161619_157209256.png?type=f296_296",
      "theme": "brunch"
    },
    {
      "id": 2,
      "title": "(선물세트)드립백 세트",
      "img": "https://shop-phinf.pstatic.net/20220916_141/1663291452976Lwnlr_PNG/64427286776055178_1293367093.png?type=f296_296",
      "theme": "brunch"
    },
    {
      "id": 3,
      "title": "(선물세트)드립백 10입 X 2세트(2개선택)",
      "img": "https://shop-phinf.pstatic.net/20220916_226/1663291504521MuCLy_PNG/64427338254914703_758428466.png?type=f295_381",
      "theme": "brunch"
    },
    {
      "id": 4,
      "title": "데미머그세트3P",
      "img": "https://shop-phinf.pstatic.net/20211215_7/1639540168863orpAo_JPEG/40676067558682876_560326940.jpg?type=f296_296",
      "theme": "brunch"
    },
    {
      "id": 5,
      "title": "버티컬 머그 360ml",
      "img": "https://shop-phinf.pstatic.net/20220421_249/1650509898585ixYz0_JPEG/51645744289254114_315571545.jpg?type=f296_296",
      "theme": "brunch"
    },
    {
      "id": 6,
      "title": "아소부 얼티밋 머그 360ml",
      "img": "https://shop-phinf.pstatic.net/20220421_212/1650510103127caJYY_JPEG/51645948796313904_9769054.jpg?type=f296_296",
      "theme": "brunch"
    },
    {
      "id": 7,
      "title": "아소부 르바통 텀블러 500ml",
      "img": "https://shop-phinf.pstatic.net/20220421_32/1650510287011kUGGr_JPEG/51646129660566128_436860409.jpg?type=f296_296",
      "theme": "brunch"
    },
    {
      "id": 8,
      "title": "엔제리너스 크리스마스 사슴뿔 텀블러R",
      "img": "https://shop-phinf.pstatic.net/20211215_248/1639539643918hIMLx_JPEG/40675542416569525_1437692320.jpg?type=f296_296"
    },
    {
      "id": 9,
      "title": "엔제리너스 크리스마스 사슴머그",
      "img": "https://shop-phinf.pstatic.net/20211130_167/163824958379969EKY_JPEG/39385363189709693_1285960579.jpg?type=f296_296",
      "theme": "brunch"
    },
    {
      "id": 10,
      "title": "엔제리너스 크리스마스 사슴뿔 머그",
      "img": "https://shop-phinf.pstatic.net/20211215_291/1639539890206wNfmU_JPEG/40675788916789268_900055180.jpg?type=f296_296",
      "theme": "brunch"
    },
    {
      "id": 11,
      "title": "엔제리너스 스와로브스키 아이스 텀블러 (오렌지)",
      "img": "https://shop-phinf.pstatic.net/20211214_43/1639449502423PMuNA_JPEG/40585344020721883_1818684930.jpg?type=f296_296"
    },
    {
      "id": 12,
      "title": "바스키아 텀블러",
      "img": "https://shop-phinf.pstatic.net/20211130_141/1638240263136vPixD_PNG/39376161836202262_751446654.png?type=f296_296",
      "theme": "brunch"
    },
    {
      "id": 13,
      "title": "베이직 티 텀블러 16온즈(그레이)",
      "img": "https://shop-phinf.pstatic.net/20211208_282/1638927167603XpkRC_JPEG/40063002209226049_977004372.jpg?type=f296_296",
      "theme": "brunch"
    },
    {
      "id": 14,
      "title": "엔제리너스 제품교환권 카페라떼류 10매",
      "img": "https://shop-phinf.pstatic.net/20220525_53/1653450703596Rj7Ec_PNG/54586487309692436_127851661.png?type=f295_381",
      "theme": "brunch"
    },
    {
      "id": 15,
      "title": "엔제리너스 제품교환권 반미샌드위치(3종) 10매",
      "img": "https://shop-phinf.pstatic.net/20220525_132/1653450641723offcd_PNG/54586540414615555_89740967.png?type=f295_381"
    },
    {
      "id": 16,
      "title": "엔제리너스 제품교환권 아메리카노 10매",
      "img": "https://shop-phinf.pstatic.net/20220525_131/1653450726013IlMBc_PNG/54586614706822383_284593947.png?type=f295_381",
      "theme": "brunch"
    },
    {
      "id": 17,
      "title": "엔제리너스 제품교환권 아메리치노 10매",
      "img": "https://shop-phinf.pstatic.net/20220525_78/1653451161600rMeLW_PNG/54586941321623896_871545825.png?type=f295_381",
      "theme": "brunch"
    },
    {
      "id": 18,
      "title": "엔제리너스 제품교환권 엔제린스노우류 10매",
      "img": "https://shop-phinf.pstatic.net/20220525_240/1653451176790Q7WAA_PNG/54587019480853342_372792874.png?type=f295_381",
      "theme": "jeju"
    }    
  ]
} 